<?xml version="1.0" encoding="UTF-8" standalone="no"?>
<jbi xmlns="http://java.sun.com/xml/ns/jbi" xmlns:ns0="http://enterprise.netbeans.org/bpel/BookInformation/bookInformation" xmlns:ns1="http://j2ee.netbeans.org/wsdl/BookInformation/src/OpenBookWSDL" xmlns:ns2="http://j2ee.netbeans.org/wsdl/isbnServiceProxy/src/isbnServiceWSDL" xmlns:ns3="http://webservices.daehosting.com/ISBN" xmlns:ns4="http://j2ee.netbeans.org/wsdl/BookInformation/src/getBookInformationByISBN13WSDL" xmlns:ns5="http://j2ee.netbeans.org/wsdl/isbnServiceProxy/src/isbnSeviceCallbackWSDL" xmlns:ns6="http://www.sun.com/jbi/descriptor/service-unit" version="1.0">
    <services binding-component="false">
        <provides endpoint-name="getBookInformationByISBN13WSDLPortTypeRole_myRole" interface-name="ns4:getBookInformationByISBN13WSDLPortType" service-name="ns0:Customer">
            <ns6:display-name>Customer</ns6:display-name>
            <ns6:process-name>bookInformation</ns6:process-name>
            <ns6:file-path>bookInformation.bpel</ns6:file-path>
        </provides>
        <provides endpoint-name="isbnSeviceCallbackWSDLPortTypeRole_myRole" interface-name="ns5:isbnSeviceCallbackWSDLPortType" service-name="ns0:AisbnServiceProxyCallback">
            <ns6:display-name>AisbnServiceProxyCallback</ns6:display-name>
            <ns6:process-name>bookInformation</ns6:process-name>
            <ns6:file-path>bookInformation.bpel</ns6:file-path>
        </provides>
        <consumes endpoint-name="RestOutboundPortTypeRole_partnerRole" interface-name="ns1:RestOutboundPortType" service-name="ns0:BRestOpenLibrary">
            <ns6:display-name>BRestOpenLibrary</ns6:display-name>
            <ns6:process-name>bookInformation</ns6:process-name>
            <ns6:file-path>bookInformation.bpel</ns6:file-path>
        </consumes>
        <consumes endpoint-name="isbnServiceWSDLPortTypeRole_partnerRole" interface-name="ns2:isbnServiceWSDLPortType" service-name="ns0:AisbnServiceProxy">
            <ns6:display-name>AisbnServiceProxy</ns6:display-name>
            <ns6:process-name>bookInformation</ns6:process-name>
            <ns6:file-path>bookInformation.bpel</ns6:file-path>
        </consumes>
        <consumes endpoint-name="ISBNServiceSoapTypeRole_partnerRole" interface-name="ns3:ISBNServiceSoapType" service-name="ns0:AisbnServiceLocal">
            <ns6:display-name>AisbnServiceLocal</ns6:display-name>
            <ns6:process-name>bookInformation</ns6:process-name>
            <ns6:file-path>bookInformation.bpel</ns6:file-path>
        </consumes>
    </services>
</jbi>
