<?xml version="1.0" encoding="UTF-8" standalone="no"?>
<jbi xmlns="http://java.sun.com/xml/ns/jbi" xmlns:ns0="http://enterprise.netbeans.org/bpel/isbnServiceLocal/isbnServiceLocal" xmlns:ns1="http://webservices.daehosting.com/ISBN" xmlns:ns2="http://www.sun.com/jbi/descriptor/service-unit" version="1.0">
    <services binding-component="false">
        <provides endpoint-name="ISBNServiceSoapTypeRole_myRole" interface-name="ns1:ISBNServiceSoapType" service-name="ns0:Client">
            <ns2:display-name>Client</ns2:display-name>
            <ns2:process-name>isbnServiceLocal</ns2:process-name>
            <ns2:file-path>isbnServiceLocal.bpel</ns2:file-path>
        </provides>
    </services>
</jbi>
